<?xml version="1.0" encoding="UTF-8"?>
<!DOCTYPE fontscolors PUBLIC "-//NetBeans//DTD Editor Fonts and Colors settings 1.1//EN" "http://www.netbeans.org/dtds/EditorFontsColors-1_1.dtd">
<fontscolors>
    <fontcolor bgColor="ff555522" name="mark-occurrences"/>
    <fontcolor name="identifier"/>
    <fontcolor default="field" name="markup-attribute"/>
    <fontcolor default="identifier" name="method"/>
    <fontcolor foreColor="ffff6666" name="string"/>
    <fontcolor default="keyword" name="markup-element"/>
    <fontcolor default="string" foreColor="ffc10087" name="markup-attribute-value"/>
    <fontcolor bgColor="red" foreColor="white" name="error"/>
    <fontcolor default="default" name="entity-reference"/>
    <fontcolor foreColor="white" name="separator"/>
    <fontcolor foreColor="white" name="operator"/>
    <fontcolor name="url" underline="ff222222"/>
    <fontcolor foreColor="white" name="number"/>
    <fontcolor bgColor="ff222222" foreColor="lightGray" name="default">
        <font name="PT Sans" size="16"/>
    </fontcolor>
    <fontcolor default="identifier" name="field"/>
    <fontcolor foreColor="ffff6666" name="char"/>
    <fontcolor name="warning" waveUnderlined="yellow"/>
    <fontcolor foreColor="ff22ff44" name="comment"/>
    <fontcolor foreColor="ff4488ff" name="keyword"/>
    <fontcolor name="whitespace"/>
</fontscolors>
