INSERT INTO "Account Types" ("GUID", "Name", "Gets Closed") VALUES ('2ddbad1cf8d04f0d9c44fa9771a15306','Revenue',1);
INSERT INTO "Account Types" ("GUID", "Name", "Gets Closed") VALUES ('40f7e36772f240999fca4a9d2c1b536f','Equity Stays Open',0);
INSERT INTO "Account Types" ("GUID", "Name", "Gets Closed") VALUES ('531c81d9f0c942aeb5b742160d6b3942','Equity Gets Closed',1);
INSERT INTO "Account Types" ("GUID", "Name", "Gets Closed") VALUES ('6ee39c8c894e45fbb7892175e3365a34','Retained Earnings',0);
INSERT INTO "Account Types" ("GUID", "Name", "Gets Closed") VALUES ('ade6405dd31d40169b7ed222ecaa6b9e','Expenses',1);
INSERT INTO "Account Types" ("GUID", "Name", "Gets Closed") VALUES ('cf190cadde734f98a348d5f6bd112db6','Assets',0);
INSERT INTO "Account Types" ("GUID", "Name", "Gets Closed") VALUES ('ddc9a0f637b64af2adeb19d0f6399e19','Liability',0);

INSERT INTO "Contact Types" ("GUID", "Is Allowed", "Display Name") VALUES ('4134430d7bb64a97b95f7862bea83644',1,'Business');
INSERT INTO "Contact Types" ("GUID", "Is Allowed", "Display Name") VALUES ('77c1c5bad818403f8ae836a3fc7fd84b',1,'Individual');
INSERT INTO "Contact Types" ("GUID", "Is Allowed", "Display Name") VALUES ('7c85de861e784b9f8dcb4a456e267869',1,'Employee');

INSERT INTO "Transaction Types" ("GUID", "Name", "Edit URL", "List URL", "Is Allowed") VALUES ('14a778aeb6e04b7fa1dd31e4445e9b18','Payroll Check','/incAccounting?App=PayrollCheck','/incAccounting?App=PayrollCheck',1);
INSERT INTO "Transaction Types" ("GUID", "Name", "Edit URL", "List URL", "Is Allowed") VALUES ('1d648ca26c9c40c59e1483aa262656c2','Transaction','/incAccounting?App=Transaction','/incAccounting?App=Transaction',1);
INSERT INTO "Transaction Types" ("GUID", "Name", "Edit URL", "List URL", "Is Allowed") VALUES ('276db4afcf634b6fbc4a5821c9858ab9','Sales Quote','/incAccounting?App=Document','/incAccounting?App=Document',1);
INSERT INTO "Transaction Types" ("GUID", "Name", "Edit URL", "List URL", "Is Allowed") VALUES ('2c12d6167d654604be3f533c38f1ad1e','Sales Payment','/incAccounting?App=Payment','/incAccounting?App=Payment',1);
INSERT INTO "Transaction Types" ("GUID", "Name", "Edit URL", "List URL", "Is Allowed") VALUES ('5f756fc5f7c5493ca0d86f2d0ead2fda','Sales Order','/incAccounting?App=Document','/incAccounting?App=Document',1);
INSERT INTO "Transaction Types" ("GUID", "Name", "Edit URL", "List URL", "Is Allowed") VALUES ('6632ec00f5824aeca4a49bf21cbdaece','Purchase Credit','/incAccounting?App=Document','/incAccounting?App=Document',1);
INSERT INTO "Transaction Types" ("GUID", "Name", "Edit URL", "List URL", "Is Allowed") VALUES ('81e2917ac5c34d1cb6f9d168cd0439db','Sales Invoice','/incAccounting?App=Document','/incAccounting?App=Document',1);
INSERT INTO "Transaction Types" ("GUID", "Name", "Edit URL", "List URL", "Is Allowed") VALUES ('86af180c412f40c5a660678e3895694b','Sales Credit','/incAccounting?App=Document','/incAccounting?App=Document',1);
INSERT INTO "Transaction Types" ("GUID", "Name", "Edit URL", "List URL", "Is Allowed") VALUES ('9d3821afd6fb47f9b2713d3cc574ceff','Purchase Invoice','/incAccounting?App=Document','/incAccounting?App=Document',1);
INSERT INTO "Transaction Types" ("GUID", "Name", "Edit URL", "List URL", "Is Allowed") VALUES ('a714a873202f4f12bb29a42ed8ed9b5c','Purchase Payment','/incAccounting?App=Payment','/incAccounting?App=Payment',1);
INSERT INTO "Transaction Types" ("GUID", "Name", "Edit URL", "List URL", "Is Allowed") VALUES ('bbb9a35380834fe9976ad7184976f0d6','Bank Deposit','/incAccounting?App=Deposit','/incAccounting?App=Deposit',1);
INSERT INTO "Transaction Types" ("GUID", "Name", "Edit URL", "List URL", "Is Allowed") VALUES ('dedf79eddf7c4e348918d42e25b53309','Purchase Quote','/incAccounting?App=Document','/incAccounting?App=Document',1);
INSERT INTO "Transaction Types" ("GUID", "Name", "Edit URL", "List URL", "Is Allowed") VALUES ('e56b2b6aa42b479890085b74b69275f3','Purchase Order','/incAccounting?App=Document','/incAccounting?App=Document',1);

INSERT INTO "Document Types" ("GUID", "Is Sales Related", "Is Credit Memo", "Is Posting", "Accounts GUID") VALUES ('276db4afcf634b6fbc4a5821c9858ab9',1,0,0,NULL);
INSERT INTO "Document Types" ("GUID", "Is Sales Related", "Is Credit Memo", "Is Posting", "Accounts GUID") VALUES ('5f756fc5f7c5493ca0d86f2d0ead2fda',1,0,0,NULL);
INSERT INTO "Document Types" ("GUID", "Is Sales Related", "Is Credit Memo", "Is Posting", "Accounts GUID") VALUES ('6632ec00f5824aeca4a49bf21cbdaece',0,1,1,NULL);
INSERT INTO "Document Types" ("GUID", "Is Sales Related", "Is Credit Memo", "Is Posting", "Accounts GUID") VALUES ('81e2917ac5c34d1cb6f9d168cd0439db',1,0,1,NULL);
INSERT INTO "Document Types" ("GUID", "Is Sales Related", "Is Credit Memo", "Is Posting", "Accounts GUID") VALUES ('86af180c412f40c5a660678e3895694b',1,1,1,NULL);
INSERT INTO "Document Types" ("GUID", "Is Sales Related", "Is Credit Memo", "Is Posting", "Accounts GUID") VALUES ('9d3821afd6fb47f9b2713d3cc574ceff',0,0,1,NULL);
INSERT INTO "Document Types" ("GUID", "Is Sales Related", "Is Credit Memo", "Is Posting", "Accounts GUID") VALUES ('dedf79eddf7c4e348918d42e25b53309',0,0,0,NULL);
INSERT INTO "Document Types" ("GUID", "Is Sales Related", "Is Credit Memo", "Is Posting", "Accounts GUID") VALUES ('e56b2b6aa42b479890085b74b69275f3',0,0,0,NULL);

INSERT INTO "Payment Types" ("GUID", "Accounts GUID", "Is Sales Related") VALUES ('2c12d6167d654604be3f533c38f1ad1e',NULL,1);
INSERT INTO "Payment Types" ("GUID", "Accounts GUID", "Is Sales Related") VALUES ('a714a873202f4f12bb29a42ed8ed9b5c',NULL,0);

INSERT INTO "Payment Types Document Types" ("Document Types GUID", "Payment Types GUID") VALUES ('6632ec00f5824aeca4a49bf21cbdaece','a714a873202f4f12bb29a42ed8ed9b5c');
INSERT INTO "Payment Types Document Types" ("Document Types GUID", "Payment Types GUID") VALUES ('81e2917ac5c34d1cb6f9d168cd0439db','2c12d6167d654604be3f533c38f1ad1e');
INSERT INTO "Payment Types Document Types" ("Document Types GUID", "Payment Types GUID") VALUES ('86af180c412f40c5a660678e3895694b','2c12d6167d654604be3f533c38f1ad1e');
INSERT INTO "Payment Types Document Types" ("Document Types GUID", "Payment Types GUID") VALUES ('9d3821afd6fb47f9b2713d3cc574ceff','a714a873202f4f12bb29a42ed8ed9b5c');

INSERT INTO "Sales Taxes" ("GUID", "Contacts GUID", "Is Group", "Display Name", "Tax Rate", "Accounts GUID") VALUES ('502fd04bc5da462f98d013dfa50d808e',NULL,1,'Exempt',0.0000000000000000,NULL);
INSERT INTO "Contacts" ("GUID", "Parent Contacts GUID", "Display Name", "Is Allowed", "Contact Since", "Default Shipping Contacts GUID", "Website", "Email Address", "Office Phone", "Mobile Phone", "Home Phone", "Fax Number", "Line 1", "Line 2", "Country", "City", "State", "Postal Code", "Tax Group GUID", "Contact Types GUID") VALUES ('fabca02484aa46eaa24c939c64779a2d',NULL,'YOUR COMPANY - RENAME ME',1,'2017-03-09',NULL,NULL,NULL,NULL,NULL,NULL,NULL,NULL,NULL,NULL,NULL,NULL,NULL,'502fd04bc5da462f98d013dfa50d808e','4134430d7bb64a97b95f7862bea83644');

INSERT INTO "Users" ("GUID", "Is Allowed", "Display Name", "SQL User", "Email Address", "Password Date", "Add Computer") VALUES ('86b41969e95143c090fd93a4819c58a2',1,'Administrator','administrator','administrator@localhost','2017-03-09',1);

INSERT INTO "Groups" ("GUID", "Is Allowed", "Display Name", "Email Address") VALUES ('11eede08a5f34402a2547edc6aad2529',1,'Everyone','everyone@localhost');
INSERT INTO "Groups" ("GUID", "Is Allowed", "Display Name", "Email Address") VALUES ('f541b846c9224fc687420fce2a0ec8b1',1,'System Administrators','postmaster@localhost');

INSERT INTO "Memberships" ("Users GUID", "Groups GUID") VALUES ('86b41969e95143c090fd93a4819c58a2','f541b846c9224fc687420fce2a0ec8b1');

INSERT INTO "Securables" ("GUID", "Display Name") VALUES ('bbb9a35380834fe9976ad7184976f0d6','Bank Deposit');
INSERT INTO "Securables" ("GUID", "Display Name") VALUES ('c8276ec6738a4fc0bb0fe7af7815f045','Control - Options');
INSERT INTO "Securables" ("GUID", "Display Name") VALUES ('6632ec00f5824aeca4a49bf21cbdaece','Document - Purchase Credit');
INSERT INTO "Securables" ("GUID", "Display Name") VALUES ('9d3821afd6fb47f9b2713d3cc574ceff','Document - Purchase Invoice');
INSERT INTO "Securables" ("GUID", "Display Name") VALUES ('e56b2b6aa42b479890085b74b69275f3','Document - Purchase Order');
INSERT INTO "Securables" ("GUID", "Display Name") VALUES ('dedf79eddf7c4e348918d42e25b53309','Document - Purchase Quote');
INSERT INTO "Securables" ("GUID", "Display Name") VALUES ('86af180c412f40c5a660678e3895694b','Document - Sales Credit');
INSERT INTO "Securables" ("GUID", "Display Name") VALUES ('81e2917ac5c34d1cb6f9d168cd0439db','Document - Sales Invoice');
INSERT INTO "Securables" ("GUID", "Display Name") VALUES ('5f756fc5f7c5493ca0d86f2d0ead2fda','Document - Sales Order');
INSERT INTO "Securables" ("GUID", "Display Name") VALUES ('276db4afcf634b6fbc4a5821c9858ab9','Document - Sales Quote');
INSERT INTO "Securables" ("GUID", "Display Name") VALUES ('a714a873202f4f12bb29a42ed8ed9b5c','Payment - Purchase');
INSERT INTO "Securables" ("GUID", "Display Name") VALUES ('2c12d6167d654604be3f533c38f1ad1e','Payment - Sales');
INSERT INTO "Securables" ("GUID", "Display Name") VALUES ('720cdbbebae7124d2c3fdc1b46664655','Table - Account Types');
INSERT INTO "Securables" ("GUID", "Display Name") VALUES ('9b945efebb006547a94415eadaa12921','Table - Accounts');
INSERT INTO "Securables" ("GUID", "Display Name") VALUES ('45888a4da062f16a099a7f7c6cc15ee0','Table - Computers');
INSERT INTO "Securables" ("GUID", "Display Name") VALUES ('74296745c146fc4ffc4afda0f19f1f2c','Table - Contact Notes');
INSERT INTO "Securables" ("GUID", "Display Name") VALUES ('2a85420faee85c0a1aa204a3ee713ba4','Table - Contact Types');
INSERT INTO "Securables" ("GUID", "Display Name") VALUES ('9aa698f602b1e5694855cee73a683488','Table - Contacts');
INSERT INTO "Securables" ("GUID", "Display Name") VALUES ('6332798b12e537b25b1c6ad254e14f54','Table - Conversions');
INSERT INTO "Securables" ("GUID", "Display Name") VALUES ('c8cf2b64be19b0234578a5b582f86a87','Table - Departments');
INSERT INTO "Securables" ("GUID", "Display Name") VALUES ('965f19fd66f3bbd02a54f47952b68083','Table - Document Lines');
INSERT INTO "Securables" ("GUID", "Display Name") VALUES ('1c8d2e4380181d9b2c0429dce7378d38','Table - Document Types');
INSERT INTO "Securables" ("GUID", "Display Name") VALUES ('f28128b38efbc6134dc40751ee21fd29','Table - Documents');
INSERT INTO "Securables" ("GUID", "Display Name") VALUES ('a37ede293936e29279ed543129451ec3','Table - Groups');
INSERT INTO "Securables" ("GUID", "Display Name") VALUES ('9dea4016dbcc290b773ab2fae678aaa8','Table - Items');
INSERT INTO "Securables" ("GUID", "Display Name") VALUES ('12ceff2290bb9039beaa8f36d5dec226','Table - Jobs');
INSERT INTO "Securables" ("GUID", "Display Name") VALUES ('b2d37ae1cedf42ff874289b721860af2','Table - Logs');
INSERT INTO "Securables" ("GUID", "Display Name") VALUES ('a7a7b26872b3e2d00de7bb7b1452b5a8','Table - Memberships');
INSERT INTO "Securables" ("GUID", "Display Name") VALUES ('d08ccf52b4cdd08e41cfb99ec42e0b29','Table - Permissions');
INSERT INTO "Securables" ("GUID", "Display Name") VALUES ('4a8a1dc4a61260a1d51e3b9f8bb5f18f','Table - Reconciliations');
INSERT INTO "Securables" ("GUID", "Display Name") VALUES ('66b3ea16f68c96570fad11647b1fba50','Table - Report Blocks');
INSERT INTO "Securables" ("GUID", "Display Name") VALUES ('755a0e7f295f45dacc4af7776f5150f3','Table - Report Filters');
INSERT INTO "Securables" ("GUID", "Display Name") VALUES ('c91c7b93c28cd18741b71f727ee81ee3','Table - Reports');
INSERT INTO "Securables" ("GUID", "Display Name") VALUES ('aa0a678d8950cf58d676ff1df2aa08ce','Table - Sales Tax Memberships');
INSERT INTO "Securables" ("GUID", "Display Name") VALUES ('b748fae7af491847c7a3fcb4db6e13b1','Table - Securables');
INSERT INTO "Securables" ("GUID", "Display Name") VALUES ('f4f70727dc34561dfde1a3c529b6205c','Table - Settings');
INSERT INTO "Securables" ("GUID", "Display Name") VALUES ('e4eed2a7d7b7558dfe63d4f4fd18ce67','Table - Transaction Lines');
INSERT INTO "Securables" ("GUID", "Display Name") VALUES ('d1e2f3dc6323be332c0590e0496f63ac','Table - Transaction Types');
INSERT INTO "Securables" ("GUID", "Display Name") VALUES ('31112aca11d0e9e6eb7db96f317dda49','Table - Transactions');
INSERT INTO "Securables" ("GUID", "Display Name") VALUES ('7b75551eba1477306b17861d66595527','Table - Unit Measures');
INSERT INTO "Securables" ("GUID", "Display Name") VALUES ('f9aae5fda8d810a29f12d1e61b4ab25f','Table - Users');

INSERT INTO "Permissions" ("Groups GUID", "Securables GUID", "Can Create", "Can Read", "Can Update", "Can Delete") VALUES ('11eede08a5f34402a2547edc6aad2529','12ceff2290bb9039beaa8f36d5dec226',0,1,0,0);
INSERT INTO "Permissions" ("Groups GUID", "Securables GUID", "Can Create", "Can Read", "Can Update", "Can Delete") VALUES ('11eede08a5f34402a2547edc6aad2529','1c8d2e4380181d9b2c0429dce7378d38',0,1,0,0);
INSERT INTO "Permissions" ("Groups GUID", "Securables GUID", "Can Create", "Can Read", "Can Update", "Can Delete") VALUES ('11eede08a5f34402a2547edc6aad2529','2a85420faee85c0a1aa204a3ee713ba4',0,1,0,0);
INSERT INTO "Permissions" ("Groups GUID", "Securables GUID", "Can Create", "Can Read", "Can Update", "Can Delete") VALUES ('11eede08a5f34402a2547edc6aad2529','31112aca11d0e9e6eb7db96f317dda49',0,1,0,0);
INSERT INTO "Permissions" ("Groups GUID", "Securables GUID", "Can Create", "Can Read", "Can Update", "Can Delete") VALUES ('11eede08a5f34402a2547edc6aad2529','45888a4da062f16a099a7f7c6cc15ee0',0,1,0,0);
INSERT INTO "Permissions" ("Groups GUID", "Securables GUID", "Can Create", "Can Read", "Can Update", "Can Delete") VALUES ('11eede08a5f34402a2547edc6aad2529','4a8a1dc4a61260a1d51e3b9f8bb5f18f',0,1,0,0);
INSERT INTO "Permissions" ("Groups GUID", "Securables GUID", "Can Create", "Can Read", "Can Update", "Can Delete") VALUES ('11eede08a5f34402a2547edc6aad2529','6332798b12e537b25b1c6ad254e14f54',0,1,0,0);
INSERT INTO "Permissions" ("Groups GUID", "Securables GUID", "Can Create", "Can Read", "Can Update", "Can Delete") VALUES ('11eede08a5f34402a2547edc6aad2529','720cdbbebae7124d2c3fdc1b46664655',0,1,0,0);
INSERT INTO "Permissions" ("Groups GUID", "Securables GUID", "Can Create", "Can Read", "Can Update", "Can Delete") VALUES ('11eede08a5f34402a2547edc6aad2529','74296745c146fc4ffc4afda0f19f1f2c',0,1,0,0);
INSERT INTO "Permissions" ("Groups GUID", "Securables GUID", "Can Create", "Can Read", "Can Update", "Can Delete") VALUES ('11eede08a5f34402a2547edc6aad2529','7b75551eba1477306b17861d66595527',0,1,0,0);
INSERT INTO "Permissions" ("Groups GUID", "Securables GUID", "Can Create", "Can Read", "Can Update", "Can Delete") VALUES ('11eede08a5f34402a2547edc6aad2529','965f19fd66f3bbd02a54f47952b68083',0,1,0,0);
INSERT INTO "Permissions" ("Groups GUID", "Securables GUID", "Can Create", "Can Read", "Can Update", "Can Delete") VALUES ('11eede08a5f34402a2547edc6aad2529','9aa698f602b1e5694855cee73a683488',0,1,0,0);
INSERT INTO "Permissions" ("Groups GUID", "Securables GUID", "Can Create", "Can Read", "Can Update", "Can Delete") VALUES ('11eede08a5f34402a2547edc6aad2529','9b945efebb006547a94415eadaa12921',0,1,0,0);
INSERT INTO "Permissions" ("Groups GUID", "Securables GUID", "Can Create", "Can Read", "Can Update", "Can Delete") VALUES ('11eede08a5f34402a2547edc6aad2529','9dea4016dbcc290b773ab2fae678aaa8',0,1,0,0);
INSERT INTO "Permissions" ("Groups GUID", "Securables GUID", "Can Create", "Can Read", "Can Update", "Can Delete") VALUES ('11eede08a5f34402a2547edc6aad2529','a37ede293936e29279ed543129451ec3',0,1,0,0);
INSERT INTO "Permissions" ("Groups GUID", "Securables GUID", "Can Create", "Can Read", "Can Update", "Can Delete") VALUES ('11eede08a5f34402a2547edc6aad2529','a7a7b26872b3e2d00de7bb7b1452b5a8',0,1,0,0);
INSERT INTO "Permissions" ("Groups GUID", "Securables GUID", "Can Create", "Can Read", "Can Update", "Can Delete") VALUES ('11eede08a5f34402a2547edc6aad2529','aa0a678d8950cf58d676ff1df2aa08ce',0,1,0,0);
INSERT INTO "Permissions" ("Groups GUID", "Securables GUID", "Can Create", "Can Read", "Can Update", "Can Delete") VALUES ('11eede08a5f34402a2547edc6aad2529','b2d37ae1cedf42ff874289b721860af2',1,0,0,0);
INSERT INTO "Permissions" ("Groups GUID", "Securables GUID", "Can Create", "Can Read", "Can Update", "Can Delete") VALUES ('11eede08a5f34402a2547edc6aad2529','b748fae7af491847c7a3fcb4db6e13b1',0,1,0,0);
INSERT INTO "Permissions" ("Groups GUID", "Securables GUID", "Can Create", "Can Read", "Can Update", "Can Delete") VALUES ('11eede08a5f34402a2547edc6aad2529','c8276ec6738a4fc0bb0fe7af7815f045',0,1,0,0);
INSERT INTO "Permissions" ("Groups GUID", "Securables GUID", "Can Create", "Can Read", "Can Update", "Can Delete") VALUES ('11eede08a5f34402a2547edc6aad2529','c8cf2b64be19b0234578a5b582f86a87',0,1,0,0);
INSERT INTO "Permissions" ("Groups GUID", "Securables GUID", "Can Create", "Can Read", "Can Update", "Can Delete") VALUES ('11eede08a5f34402a2547edc6aad2529','d08ccf52b4cdd08e41cfb99ec42e0b29',0,1,0,0);
INSERT INTO "Permissions" ("Groups GUID", "Securables GUID", "Can Create", "Can Read", "Can Update", "Can Delete") VALUES ('11eede08a5f34402a2547edc6aad2529','d1e2f3dc6323be332c0590e0496f63ac',0,1,0,0);
INSERT INTO "Permissions" ("Groups GUID", "Securables GUID", "Can Create", "Can Read", "Can Update", "Can Delete") VALUES ('11eede08a5f34402a2547edc6aad2529','e4eed2a7d7b7558dfe63d4f4fd18ce67',0,1,0,0);
INSERT INTO "Permissions" ("Groups GUID", "Securables GUID", "Can Create", "Can Read", "Can Update", "Can Delete") VALUES ('11eede08a5f34402a2547edc6aad2529','f28128b38efbc6134dc40751ee21fd29',0,1,0,0);
INSERT INTO "Permissions" ("Groups GUID", "Securables GUID", "Can Create", "Can Read", "Can Update", "Can Delete") VALUES ('11eede08a5f34402a2547edc6aad2529','f4f70727dc34561dfde1a3c529b6205c',0,1,0,0);
INSERT INTO "Permissions" ("Groups GUID", "Securables GUID", "Can Create", "Can Read", "Can Update", "Can Delete") VALUES ('11eede08a5f34402a2547edc6aad2529','f9aae5fda8d810a29f12d1e61b4ab25f',0,1,0,0);

INSERT INTO "Settings" ("GUID", "Users GUID", "Key", "Type", "Option Query", "Value") VALUES ('03737dafb5764f828126f1642ebf4c93',NULL,'Document - Last Sales Credit Number','String',NULL,'1000');
INSERT INTO "Settings" ("GUID", "Users GUID", "Key", "Type", "Option Query", "Value") VALUES ('0724bc756d5d4cd7a998f4ce186c550b',NULL,'Document - Last Purchase Order Number','String',NULL,'1000');
INSERT INTO "Settings" ("GUID", "Users GUID", "Key", "Type", "Option Query", "Value") VALUES ('177d88c1012c42019566579dc3910d51',NULL,'Password Complexity (1-4)','Number',NULL,'3');
INSERT INTO "Settings" ("GUID", "Users GUID", "Key", "Type", "Option Query", "Value") VALUES ('399fa709063447259bc613c1bf84863e',NULL,'Conversions - Decimals','Number',NULL,'8');
INSERT INTO "Settings" ("GUID", "Users GUID", "Key", "Type", "Option Query", "Value") VALUES ('41f5350849444a06b6007c717664e595',NULL,'Document - Last Sales Invoice Number','String',NULL,'1000');
INSERT INTO "Settings" ("GUID", "Users GUID", "Key", "Type", "Option Query", "Value") VALUES ('47f8bfb64e5a4e64aa70aaae34add1af',NULL,'Segment Seperator Enabled','Boolean',NULL,'T');
INSERT INTO "Settings" ("GUID", "Users GUID", "Key", "Type", "Option Query", "Value") VALUES ('51c59e001eef4416a3066782d6dba979',NULL,'Document - Last Sales Quote Number','String',NULL,'1000');
INSERT INTO "Settings" ("GUID", "Users GUID", "Key", "Type", "Option Query", "Value") VALUES ('626a4f36bba0495fb005599d8a152818',NULL,'Document - Last Purchase Quote Number','String',NULL,'1000');
INSERT INTO "Settings" ("GUID", "Users GUID", "Key", "Type", "Option Query", "Value") VALUES ('6aea55e36fb3412c837216448879369b',NULL,'Document - Last Purchase Credit Number','String',NULL,'1000');
INSERT INTO "Settings" ("GUID", "Users GUID", "Key", "Type", "Option Query", "Value") VALUES ('6d7c3367294245f99824de9f6da3ef40',NULL,'Document - Last Sales Order Number','String',NULL,'1000');
INSERT INTO "Settings" ("GUID", "Users GUID", "Key", "Type", "Option Query", "Value") VALUES ('8cead83092174022836b4340bf8da744',NULL,'Segment Seperator Symbol','String',NULL,'-');
INSERT INTO "Settings" ("GUID", "Users GUID", "Key", "Type", "Option Query", "Value") VALUES ('94a348283d654ad0b9e45b4e2db1af1f',NULL,'Password Age (Days)','Number',NULL,'45');
INSERT INTO "Settings" ("GUID", "Users GUID", "Key", "Type", "Option Query", "Value") VALUES ('96bafaff82cf43ae9b8f31f36468606e',NULL,'Version Number','String',NULL,'2016.1.5.dev');
INSERT INTO "Settings" ("GUID", "Users GUID", "Key", "Type", "Option Query", "Value") VALUES ('abc162852129465e95f3c498ba355f86',NULL,'History Length','Number',NULL,'4');
INSERT INTO "Settings" ("GUID", "Users GUID", "Key", "Type", "Option Query", "Value") VALUES ('ac17f9e7262b4d05ad137948a437a59a',NULL,'Password Length (1-4)','Number',NULL,'6');
INSERT INTO "Settings" ("GUID", "Users GUID", "Key", "Type", "Option Query", "Value") VALUES ('b0fb2fc242d94189a2352a90ef481ac0',NULL,'Document - Rate Decimals','Number',NULL,'4');
INSERT INTO "Settings" ("GUID", "Users GUID", "Key", "Type", "Option Query", "Value") VALUES ('b1b8097d133a40b695c994d5f1760678',NULL,'Check MAC Address','Boolean',NULL,'F');
INSERT INTO "Settings" ("GUID", "Users GUID", "Key", "Type", "Option Query", "Value") VALUES ('babaa35c8acc47ea89b8b675a66f2a51',NULL,'Document - Post on Save','Boolean',NULL,'T');
INSERT INTO "Settings" ("GUID", "Users GUID", "Key", "Type", "Option Query", "Value") VALUES ('bc405ce2f8bc4166b626411b90b57181',NULL,'Document - Quantity Decimals','Number',NULL,'2');
INSERT INTO "Settings" ("GUID", "Users GUID", "Key", "Type", "Option Query", "Value") VALUES ('be93f84dfb644309b1c82b4088de18b0',NULL,'Enforce Computers','Boolean',NULL,'1');
INSERT INTO "Settings" ("GUID", "Users GUID", "Key", "Type", "Option Query", "Value") VALUES ('ca8d29ebf97e416ea02cc9bef639fb32',NULL,'Document - Terms','String',NULL,'COD');
INSERT INTO "Settings" ("GUID", "Users GUID", "Key", "Type", "Option Query", "Value") VALUES ('d6d9a8ece95c4e5f8659fbcf1e29073d',NULL,'Document - Last Purchase Invoice Number','String',NULL,'1000');
INSERT INTO "Settings" ("GUID", "Users GUID", "Key", "Type", "Option Query", "Value") VALUES ('ecd5610eb9964341bd24caca910958a2',NULL,'Document - Due Days','Number',NULL,'0');
INSERT INTO "Settings" ("GUID", "Users GUID", "Key", "Type", "Option Query", "Value") VALUES ('f747f355a1294355810820150b620899',NULL,'Document - Money Decimals','Number',NULL,'2');
INSERT INTO "Settings" ("GUID", "Users GUID", "Key", "Type", "Option Query", "Value") VALUES ('fceafe4704bb441f99a90a3009c09520',NULL,'Transaction Line Setting Decimals','Number',NULL,'2');
