<?xml version="1.0" encoding="UTF-8"?>
<!DOCTYPE fontscolors PUBLIC "-//NetBeans//DTD Editor Fonts and Colors settings 1.1//EN" "http://www.netbeans.org/dtds/EditorFontsColors-1_1.dtd">
<fontscolors>
    <fontcolor default="comment" foreColor="green" name="block-comment"/>
    <fontcolor default="identifier" foreColor="ff4488ff" name="argument"/>
    <fontcolor name="mod-method"/>
    <fontcolor name="mod-class" waveUnderlined="red"/>
    <fontcolor default="default" name="el-delimiter">
        <font style="bold"/>
    </fontcolor>
    <fontcolor default="error" name="error"/>
    <fontcolor default="default" name="javascript-embedded"/>
    <fontcolor default="operator" name="operator"/>
    <fontcolor default="char" name="character"/>
    <fontcolor default="comment" name="sgml-comment"/>
    <fontcolor default="default" foreColor="ff4488ff" name="sgml-declaration"/>
    <fontcolor default="default" name="el-content"/>
    <fontcolor default="default" name="xml-pi"/>
    <fontcolor default="default" foreColor="ff4488ff" name="tag"/>
    <fontcolor default="default" name="text"/>
    <fontcolor default="whitespace" name="ws"/>
    <fontcolor default="markup-attribute" name="mod-constructor">
        <font style="bold"/>
    </fontcolor>
    <fontcolor default="markup-attribute-value" foreColor="ffff6666" name="value"/>
    <fontcolor default="default" foreColor="ffff6666" name="css-embedded"/>
</fontscolors>
